INSERT INTO movies (title, genre, duration_minutes, age_rating) VALUES
('Inception', 'Sci-Fi', 148, '12+'),
('The Matrix', 'Action', 136, '16+'),
('Finding Nemo', 'Animation', 100, '6+'),
('Gladiator', 'Drama', 155, '16+'),
('Toy Story', 'Animation', 81, '0+'),
('Titanic', 'Drama', 195, '12+'),
('The Lion King', 'Animation', 88, '6+'),
('Avatar', 'Sci-Fi', 162, '12+'),
('The Godfather', 'Crime', 175, '18+'),
('Shrek', 'Comedy', 90, '6+'),
('Forrest Gump', 'Drama', 142, '12+'),
('The Dark Knight', 'Action', 152, '16+'),
('Interstellar', 'Sci-Fi', 169, '12+'),
('Coco', 'Animation', 105, '6+'),
('Joker', 'Drama', 122, '18+');

INSERT INTO halls (seats_count, screen_type, sound_system) VALUES
(100, 'IMAX', 'Dolby Atmos'),
(80, 'Standard', 'Dolby Digital'),
(120, '3D', 'Dolby Surround'),
(90, '4DX', 'Dolby Atmos'),
(60, 'Standard', 'Stereo'),
(110, 'IMAX', 'Dolby Digital'),
(85, 'Standard', 'Dolby Surround'),
(100, '3D', 'Dolby Atmos'),
(95, 'Standard', 'Dolby Digital'),
(70, '4DX', 'Dolby Atmos'),
(130, 'IMAX', 'Dolby Surround'),
(75, '3D', 'Stereo'),
(105, 'Standard', 'Dolby Atmos'),
(88, '3D', 'Dolby Digital'),
(92, 'Standard', 'Stereo');

INSERT INTO clients (full_name, email, phone, registration_date) VALUES
('Ivan Petrov', 'ivan@example.com', '1234567890', NOW()),
('Anna Ivanova', 'anna@example.com', '1234567891', NOW()),
('Sergey Sidorov', 'sergey@example.com', '1234567892', NOW()),
('Olga Petrova', 'olga@example.com', '1234567893', NOW()),
('Dmitry Ivanov', 'dmitry@example.com', '1234567894', NOW()),
('Maria Smirnova', 'maria@example.com', '1234567895', NOW()),
('Nikolay Volkov', 'nikolay@example.com', '1234567896', NOW()),
('Ekaterina Kuznetsova', 'katya@example.com', '1234567897', NOW()),
('Alexey Lebedev', 'alexey@example.com', '1234567898', NOW()),
('Svetlana Morozova', 'sveta@example.com', '1234567899', NOW()),
('Andrey Fedorov', 'andrey@example.com', '2234567890', NOW()),
('Irina Mikhailova', 'irina@example.com', '2234567891', NOW()),
('Roman Popov', 'roman@example.com', '2234567892', NOW()),
('Yulia Orlova', 'yulia@example.com', '2234567893', NOW()),
('Pavel Kiselev', 'pavel@example.com', '2234567894', NOW());

INSERT INTO employees (full_name, position, salary, hire_date) VALUES
('Ivan Managerov', 'Manager', 60000, '2022-01-01'),
('Anna Kassir', 'Cashier', 35000, '2022-02-15'),
('Sergey Technician', 'Technician', 40000, '2021-12-01'),
('Olga Cleaner', 'Cleaner', 25000, '2023-01-01'),
('Dmitry Adminov', 'Administrator', 50000, '2021-05-15'),
('Maria PRov', 'PR Specialist', 55000, '2022-08-20'),
('Nikolay Director', 'Director', 90000, '2020-10-10'),
('Ekaterina Analyst', 'Analyst', 48000, '2021-06-05'),
('Alexey Engineer', 'Engineer', 52000, '2022-03-12'),
('Svetlana Support', 'Support', 30000, '2023-04-01'),
('Andrey Operator', 'Operator', 45000, '2022-07-15'),
('Irina Designer', 'Designer', 47000, '2021-11-25'),
('Roman HR', 'HR', 49000, '2023-01-10'),
('Yulia Marketolog', 'Marketing', 51000, '2021-09-30'),
('Pavel Programmer', 'Programmer', 65000, '2022-10-11');

INSERT INTO sessions (movie_id, hall_id, session_time, ticket_price) VALUES
(1, 1, '2025-04-12 14:00:00', 450.00),
(2, 2, '2025-04-12 16:00:00', 500.00),
(3, 3, '2025-04-12 18:00:00', 300.00),
(4, 4, '2025-04-12 20:00:00', 550.00),
(5, 5, '2025-04-13 10:00:00', 250.00),
(6, 6, '2025-04-13 12:00:00', 600.00),
(7, 7, '2025-04-13 14:30:00', 400.00),
(8, 8, '2025-04-13 17:00:00', 450.00),
(9, 9, '2025-04-13 19:00:00', 550.00),
(10, 10, '2025-04-13 21:00:00', 350.00),
(11, 11, '2025-04-14 13:00:00', 420.00),
(12, 12, '2025-04-14 15:00:00', 470.00),
(13, 13, '2025-04-14 17:00:00', 480.00),
(14, 14, '2025-04-14 19:00:00', 510.00),
(15, 15, '2025-04-14 21:00:00', 520.00),
(1, 2, '2025-04-15 14:00:00', 430.00),
(2, 3, '2025-04-15 16:30:00', 500.00),
(3, 4, '2025-04-15 18:45:00', 310.00),
(4, 5, '2025-04-15 20:30:00', 560.00),
(5, 6, '2025-04-16 10:00:00', 260.00),
(6, 7, '2025-04-16 12:15:00', 610.00),
(7, 8, '2025-04-16 14:30:00', 405.00),
(8, 9, '2025-04-16 17:00:00', 455.00),
(9, 10, '2025-04-16 19:00:00', 555.00),
(10, 11, '2025-04-16 21:00:00', 360.00),
(11, 12, '2025-04-17 13:00:00', 430.00),
(12, 13, '2025-04-17 15:00:00', 475.00),
(13, 14, '2025-04-17 17:00:00', 485.00),
(14, 15, '2025-04-17 19:00:00', 515.00),
(15, 1, '2025-04-17 21:00:00', 525.00);

INSERT INTO tickets (session_id, client_id, seat_number, purchase_date, payment_status) VALUES
(1, 1, 'A1', NOW(), 'paid'),
(2, 2, 'A2', NOW(), 'paid'),
(3, 3, 'A3', NOW(), 'paid'),
(4, 4, 'A4', NOW(), 'unpaid'),
(5, 5, 'A5', NOW(), 'paid'),
(6, 6, 'B1', NOW(), 'paid'),
(7, 7, 'B2', NOW(), 'refunded'),
(8, 8, 'B3', NOW(), 'paid'),
(9, 9, 'B4', NOW(), 'paid'),
(10, 10, 'B5', NOW(), 'paid'),
(11, 11, 'C1', NOW(), 'unpaid'),
(12, 12, 'C2', NOW(), 'paid'),
(13, 13, 'C3', NOW(), 'paid'),
(14, 14, 'C4', NOW(), 'paid'),
(15, 15, 'C5', NOW(), 'paid'),
(16, 1, 'D1', NOW(), 'paid'),
(17, 2, 'D2', NOW(), 'paid'),
(18, 3, 'D3', NOW(), 'paid'),
(19, 4, 'D4', NOW(), 'paid'),
(20, 5, 'D5', NOW(), 'refunded'),
(21, 6, 'E1', NOW(), 'paid'),
(22, 7, 'E2', NOW(), 'paid'),
(23, 8, 'E3', NOW(), 'paid'),
(24, 9, 'E4', NOW(), 'paid'),
(25, 10, 'E5', NOW(), 'unpaid'),
(26, 11, 'F1', NOW(), 'paid'),
(27, 12, 'F2', NOW(), 'paid'),
(28, 13, 'F3', NOW(), 'paid'),
(29, 14, 'F4', NOW(), 'paid'),
(30, 15, 'F5', NOW(), 'paid');

INSERT INTO reviews (client_id, movie_id, rating, comment, review_date) VALUES
(1, 1, 5.0, 'Amazing!', NOW()),
(2, 2, 4.5, 'Great visuals', NOW()),
(3, 3, 4.0, 'Kids loved it', NOW()),
(4, 4, 3.5, 'Too long', NOW()),
(5, 5, 4.0, 'Classic', NOW()),
(6, 6, 5.0, 'Touching story', NOW()),
(7, 7, 3.0, 'Meh', NOW()),
(8, 8, 4.5, 'Beautiful world', NOW()),
(9, 9, 5.0, 'Masterpiece', NOW()),
(10, 10, 4.0, 'Fun for all ages', NOW()),
(11, 11, 4.5, 'Heartwarming', NOW()),
(12, 12, 5.0, 'Awesome action!', NOW()),
(13, 13, 4.8, 'Epic sci-fi', NOW()),
(14, 14, 5.0, 'Tears!', NOW()),
(15, 15, 4.2, 'Dark and deep', NOW()),
(1, 2, 3.5, 'Old but gold', NOW()),
(2, 3, 4.0, 'Sweet film', NOW()),
(3, 4, 4.7, 'Really liked it', NOW()),
(4, 5, 3.0, 'Too childish', NOW()),
(5, 6, 5.0, 'Romantic', NOW()),
(6, 7, 3.5, 'Okay', NOW()),
(7, 8, 4.2, 'Nice visuals', NOW()),
(8, 9, 4.8, 'Crime classic', NOW()),
(9, 10, 4.1, 'Good for kids', NOW()),
(10, 11, 4.3, 'Life story', NOW()),
(11, 12, 5.0, 'Batman rules', NOW()),
(12, 13, 4.6, 'Space and time', NOW()),
(13, 14, 4.9, 'Music and family', NOW()),
(14, 15, 4.4, 'Disturbing', NOW()),
(15, 1, 5.0, 'Rewatchable forever', NOW());

INSERT INTO session_history (session_id, ticket_price, session_time, valid_from, valid_to) VALUES
(1, 450.00, '2025-04-12 14:00:00', '2025-04-01', NULL),
(2, 500.00, '2025-04-12 16:00:00', '2025-04-01', NULL),
(3, 300.00, '2025-04-12 18:00:00', '2025-04-01', NULL),
(4, 550.00, '2025-04-12 20:00:00', '2025-04-01', NULL),
(5, 250.00, '2025-04-13 10:00:00', '2025-04-01', NULL),
(6, 600.00, '2025-04-13 12:00:00', '2025-04-01', NULL),
(7, 400.00, '2025-04-13 14:30:00', '2025-04-01', NULL),
(8, 450.00, '2025-04-13 17:00:00', '2025-04-01', NULL),
(9, 550.00, '2025-04-13 19:00:00', '2025-04-01', NULL),
(10, 350.00, '2025-04-13 21:00:00', '2025-04-01', NULL),
(11, 420.00, '2025-04-14 13:00:00', '2025-04-01', NULL),
(12, 470.00, '2025-04-14 15:00:00', '2025-04-01', NULL),
(13, 480.00, '2025-04-14 17:00:00', '2025-04-01', NULL),
(14, 510.00, '2025-04-14 19:00:00', '2025-04-01', NULL),
(15, 520.00, '2025-04-14 21:00:00', '2025-04-01', NULL),
(1, 400.00, '2025-03-20 14:00:00', '2025-03-01', '2025-04-01'),
(2, 460.00, '2025-03-21 16:00:00', '2025-03-01', '2025-04-01'),
(3, 270.00, '2025-03-21 18:00:00', '2025-03-01', '2025-04-01'),
(4, 530.00, '2025-03-21 20:00:00', '2025-03-01', '2025-04-01'),
(5, 230.00, '2025-03-22 10:00:00', '2025-03-01', '2025-04-01'),
(6, 580.00, '2025-03-22 12:00:00', '2025-03-01', '2025-04-01'),
(7, 380.00, '2025-03-22 14:30:00', '2025-03-01', '2025-04-01'),
(8, 420.00, '2025-03-22 17:00:00', '2025-03-01', '2025-04-01'),
(9, 530.00, '2025-03-22 19:00:00', '2025-03-01', '2025-04-01'),
(10, 330.00, '2025-03-22 21:00:00', '2025-03-01', '2025-04-01'),
(11, 400.00, '2025-03-23 13:00:00', '2025-03-01', '2025-04-01'),
(12, 450.00, '2025-03-23 15:00:00', '2025-03-01', '2025-04-01'),
(13, 460.00, '2025-03-23 17:00:00', '2025-03-01', '2025-04-01'),
(14, 490.00, '2025-03-23 19:00:00', '2025-03-01', '2025-04-01'),
(15, 500.00, '2025-03-23 21:00:00', '2025-03-01', '2025-04-01');
